gender,education,age,country,results_count,effective_sample_size,vaccine_accept_yes,vaccine_accept_no,vaccine_accept_dontknow,vaccine_accept_alreadytaken
all,less_than_primary,all,DE,666,424.831,0.482293611695976,0.2293050713770869,0.28309200139068436,0.005309315536252625
all,primary_school,all,DE,3773,2126.504,0.6167606300899532,0.1642105496132261,0.20868847476731728,0.010340345529502113
all,secondary_school,all,DE,28829,17112.186,0.5648519746615042,0.20132884731097805,0.21467217714719514,0.0191470008803203
all,college,all,DE,27248,15338.617,0.6128647660432808,0.19060927210899714,0.17996722694703418,0.016558734900686777
all,graduate_school,all,DE,2518,864.814,0.6453930911295505,0.1875183361740465,0.14710451807102967,0.019984054625371353