gender,education,age,country,results_count,effective_sample_size,vaccine_accept_yes,vaccine_accept_no,vaccine_accept_dontknow,vaccine_accept_alreadytaken
all,less_than_primary,all,IT,441,267.451,0.6284781596802154,0.15023507365083896,0.20395166262983613,0.017335104039109567
all,primary_school,all,IT,3424,2304.807,0.6289885435238011,0.1427762528344273,0.21857611556382373,0.009659088077949466
all,secondary_school,all,IT,31490,19559.837,0.6491821374959273,0.1276889633411588,0.20772916118216517,0.015399737980747613
all,college,all,IT,14333,6191.206,0.6645180997263206,0.12562066433930807,0.18339242683859314,0.02646880909577878
all,graduate_school,all,IT,13772,7486.098,0.727604053700354,0.09691580559049955,0.1391707783758779,0.036309362333268404