gender,education,age,country,results_count,effective_sample_size,vaccine_accept_yes,vaccine_accept_no,vaccine_accept_dontknow,vaccine_accept_alreadytaken
all,less_than_primary,all,JP,95,42.375,0.5569982553013388,0.2953821570492167,0.14761958764944466,0
all,primary_school,all,JP,139,27.366,0.5307699515209318,0.10776303939026113,0.3614670090888076,0
all,secondary_school,all,JP,18287,6353.432,0.5659594437595278,0.10348407443821055,0.3291556954534805,0.0014007863487765016
all,college,all,JP,37830,14120.894,0.5752370005103511,0.10632282083975794,0.3168297603045135,0.0016104183453774107
all,graduate_school,all,JP,4777,1595.496,0.6055866996436331,0.11353755908600788,0.276407533106405,0.0044682081639530235